controller,reference,n,innov_collision_rate,ttc_collision_rate,diff,margin,innov_ci_lo,innov_ci_hi,p_noninferior,non_inferior_at_alpha_05,h2_pass_any
innov_010,ttc_35,1080,0.04259259259259259,0.041666666666666664,0.0009259259259259273,0.01,0.032082856333202764,0.05634470661034552,0.14693536153754017,False,True
innov_015,ttc_35,1080,0.03796296296296296,0.041666666666666664,-0.003703703703703702,0.01,0.028105960047715532,0.05109516122522089,0.05169069679461268,False,True
innov_020,ttc_35,1080,0.03611111111111111,0.041666666666666664,-0.005555555555555557,0.01,0.02652718024062644,0.04898336436406523,0.030759481325350422,True,True
